Card Name;quantity;Card Set;Card Number
Indeede V Full Art ;1;SwSH Base set;192
Charizard Promo V Full Art ;15;SWSH Promo;50
Galarian Stunfisk V Full Art ;1;Darkness Ablaze;184
Grapploct V Full Art ;4;Champions path;72
Torkoal V Full Art ;1;SwSH Base set;188
Toxtricity V Full Art ;1;Rebel Clash;182
Scizor V Full Art ;2;Darkness Ablaze;183
Rhyperior V Full Art ;1;Darkness Ablaze;181
Butterfree V Full Art ;1;Darkness Ablaze;177
Galarian Sirfetch'd V Full Art ;2;Vivid Voltage;174
Vikavolt V Full Art ;3;Darkness Ablaze;180
Drednaw V Full Art ;3;Champions path;69
Gardevoir V Full Art ;7;Champions path;70
Galarian cursola V Full Art ;6;Champions path;71
Necrozma V Full Art ;1;Battle Styles;149
Tyranitar V Full Art ;2;Battle Styles;155
Alcremie V Full Art ;4;Shining Fates;64
Kricketune V Full Art ;1;Battle Styles;142
Sigle Strike Urshifu V Full Art ;2;Battle Styles;150
Steelix V Full Art ;1;Vivid Voltage;176
Flapple V Full Art ;1;Battle Styles;143
Tornadus v;5;Chilling Reign;124
Galarian Moltres v;2;Chilling Reign;97
Zeraora v;2;Chilling Reign;53
Shadow Rider Calyrex v;3;Chilling Reign;74
Blissey v;1;Chilling Reign;119
Galarian Zapdos v;5;Chilling Reign;80
Volcanion v;3;Chilling Reign;25
Metagross v;4;Chilling Reign;112
Leafeon Japanese v;3;s6a;2
Glaceon Japanese v;1;s6a;24
Espeon Japanese v;1;s6a;35
Jolteon Japanese v;2;s6a;30
Flareon Japanese v;1;s6a;11
Vaporeon Japanese v;2;s6a;15
Sylveon Japanese v;3;s6a;40
Umbreon Japanese v;3;s6a;47
Blaziken v;2;Chilling Reign;20
Zamakentan Japanese v;1;s4a;139
Eiscue v;1;Rebel clash;55
Salamence Japanese v;1;s3a;80
Ampharos v;2;Vivid Voltage;49
Togekiss v;4;Vivid Voltage;140
Eldegoss v;6;Champions path;5
Charizard v;1;Darkness Ablaze;19
Hatterene v;10;SWSH Promo;55
Venusaur v;4;Champions path;1
Pikachu v;6;vivid voltage;43
Coalossal v;3;vivid voltage;98
Zarude v;2;vivid voltage;22
Zacian v;1;SWSH Promo;18
Zacian Japanese v;1;Sa4;137
Zamazenta Japanese v;1;Sa4;139
Grapploct v;7;Champions path;32
Orbeetle v;4;vivid voltage;20
Gardevoir v;7;Champions path;16
Crowbat Japanese v;1;sa4;108
Alcremie v;3;Champions path;22
Lucario v;5;Champions path;27
Crobat v;4;Darkness Ablaze;104
Wailord v;6;Champions path;13
Galarian sirfetch'd v;1;SWSH Promo;43
Regirock v;1;Sword and Shield Base Set;104
Cinderace v;1;SWSH Promo;15
Meowth  v;1;SWSH Promo;4
Morpeko v;3;SWSH Promo;56
Grimmsnarl v;3;SWSH Promo;57
Drednaw v;7;Champions path;14
Incineroar v;3;Champions path;8
Eevee v;1;SWSH Promo;65
Dubwool Japanese v;2;Sa4;154
Togekiss v;1;Vivid Voltage;178
Dragon Japanese v;1;Sa4;88
Lapras Japanese v;1;Sa4;31
Drapion  v;2;Vivid Voltage;106
Inteleon  v;1;Promo;SWSH016
Centiskorch v;3;Darkness Ablaze;33
Salamence v;5;Darkness Ablaze;143
Eternatus v;3;Darkness Ablaze;116
Celebi v;1;Sword and Shield Base Set;1
Boltund v;1;Rebel Clash;67
Dubwool  v;1;Rebel Clash;153
Wobbuffet v;1;Sword and Shield Base Set;86
Snorlax v;1;Sword and Shield Base Set;141
Torkoal v;2;Sword and Shield Base Set;24
Morpeko v;1;Sword and Shield Base Set;79
Stonjourner v;1;Sword and Shield Base Set;115
Galarian Stunfisk v;4;Darkness Ablaze;128
Rhyperior v;3;Darkness Ablaze;95
Butterfree v;2;Darkness Ablaze;1
Victini v;1;Sword and Shield Base Set;25
Scizor v;2;Darkness Ablaze;118
Dhelmise v;1;Sword and Shield Base Set;9
Indeedee v;1;Sword and Shield Base Set;91
Vikavolt v;1;Darkness Ablaze;60
Houndoom v;2;Darkness Ablaze;21
Grimmsnarl v;1;Darkness Ablaze;114
Dubwool v;7;Promo;SWSH049
Duraludon v;5;Champions path;47
Galarian Slowbro v;1;Darkness Ablaze;99
Sableye v;1;Sword and Shield Base Set;120
Galarian Darmanitan v;3;Vivid Voltage;36
Alakazam v;2;Promo;SWSH083
Cinderace v;4;Shining Fates;18
Cramorant v;2;Shining Fates;54
Ditto v;1;Shining Fates;50
Greedent v;1;Shining Fates;53
Crobat Japanese v;1;Darkness Ablaze;108
Drapion  v;1;Vivid Voltage;106
Tapu Koko v;5;Battle Styles;50
Mimikyu v;4;Battle Styles;62
Victini v;4;Battle Styles;21
Rapid Strike Urshifu v;2;Battle Styles;87
Tyranitar v;5;Battle Styles;97
Stoutland v;2;Battle Styles;117
Flapple v;4;Battle Styles;18
Necrozma  v;3;Battle Styles;63
Kriketune v;1;Battle Styles;6
Empoleon v;2;Battle Styles;40
Single Strike Urshifu v;3;Battle Styles;85
Indeedee Shiny Japanese v;1;Shiny Star V;316
Centiskorch Shiny v;2;Shining Fates;SV108
Cramorant Shiny v;3;Promo;SWSH086
Boltund Shiny v;3;Promo;SWSH085
Grimmsnarl Shiny v;1;Shining Fates;SV116
Eldegoss Shiny v;2;Promo;SWSH084
Falinks Shiny v;1;Shining Fates;SV115
Indeedee Shiny  v;2;Shining Fates;SV114
Dragapult Shiny v;2;Promo;SWSH096
Rilaboom Shiny v;2;Shining Fates;SV105
Crobat Shiny v;1;Shining Fates;SWSH098
lapras shiny v;1;shining fates ;SV110
Articuno Zapdos Moltres Rainbow;2;Hidden Fates;69
Decidueye GX Rainbow;1;Gaurdians Rising;146
Volcarno GX Rainbow;1;Cosmic Eclipse;252
Gardevoir GX Rainbow;1;Burning Shadows;159
Keldeo GX Rainbow;1;Unified Minds;240
Tapu Bulu GX Rainbow;1;Burning Shadows;149
Raichu GX Rainbow;1;Shining Legends;75
Gardeviour & Sylveon Rainbow;1;Unbroken Bonds;225
Articuno GX Rainbow;1;Celestial Storm;171
Heatran GX Rainbow;1;Unified Minds;238
Wishi Washi GX Japanese Rainbow;1;SM2L;56
Honchkrow GX Rainbow;1;Unbroken Bonds;223
Charizard GX Rainbow;1;Burning Shadows;150
Guzzlord GX Rainbow;1;Crimson Invasion;116
Palkia GX Rainbow;1;Ultra Prism;165
Lapras GX Rainbow;1;SM Base Set;151
Magikarp & Wailord GX Rainbow;1;Team Up;183
Kabu Rainbow;1;Champions Path;77
Professor's Research Rainbow;1;S&M  Base Set;209
Gardivour Vmax Rainbow;1;Champions Path;76
Cooperajah Vmax Rainbow;1;Rebel Clash;199
Centiskorch Vmax Rainbow;2;Darkness Ablaze;191
Butterfree Vmax Rainbow;1;Darkness Ablaze;190
Charizarad Vmax Rainbow;2;Champions Path;74
Dreadnaw Vmax Rainbow;3;Champions Path;75
Beauty Japanese Rainbow;1;S3a;89
Beauty Rainbow;1;Vivid Voltage;194
Alcreme Vmax Rainbow;2;Shining Fates;73
Flapple Vmax Rainbow;1;Battle Styles;164
Phoebe Rainbow;3;Battle Styles;175
Corviknight Vmax Rainbow;1;Battle Styles;171
Single Strike Style Mustard Rainbow;1;Battle Styles;177
Korrinas focus Rainbow;1;Battle styles;174
Sandacoda Vmax Rainbow;1;Chilling Reign;206
Umbreon Japanese Vmax Rainbow;1;s6a;94
Suspicious Food Tin Gold Card;6;Champions Path;80
Cape of Touhgness Gold Card;1;Vivid Voltage;200
Multi Switch Gold Card;1;Burning Shadows;164
Zacian v Gold Card;1;Sword and Shield Base;211
Galarian Obstagoon Gold Card;1;Vivid Voltage;198
Coalossal Gold Card;1;Darkness Ablazw;198
Heros Medal (Japanese) Gold Card;1;S3A;93
Triple Acceleration Energy Gold Card;1;Unbroken Bonds;234
Body Building Dumbbells Gold Card;1;Burning Shadows;161
Metal Energy Gold Card;1;Sun and Moon Base Set;163
Lunala GX Gold Card;1;Promo;SM103A
Solgaleo GX Gold Card;1;Promo;SM104A
Tapu Lele GX Gold Card;1;Hidden Fates;SV 94
Brooklet Hill Gold Card;1;Hidden Fates;SV 88
Reset stamp Gold Card;1;Unified Minds;253
Eternatus V Gold Card;1;Shining Fates;SV121
Eternatus Vmax Gold Card;1;Shining Fates;SV122
Single Strike Energy Gold Card;1;Battle Styles;183
Octillery Gold Card;1;Battle Styles;178
Exp Share Gold Card;1;Battle Styles;180
Water Energy Gold Card;1;Chilling Reign;231
Urn of Vitality Gold Card;1;Chilling Reign;229
Charizard ex psa 10;1;ex fire red & leaf green;105
Charizard gold star psa 4;1;ex Dragon Frontiers;100
Blastoise Shadowless psa 9;1;Base set;2
1st Edition Charizard holo psa 7;1;Base set;4
Japanese Shining Gyarados psa 8;1;Japanese neo 3;130
Crystal Nidoking psa 9;1;Aquapolis;150
Crystal Lugia psa 8;1;Aquapolis;149
Charizard Shiny psa 9;1;Champions Path;79
Electabuzz Movie Promo psa 8;1;;2
Mistys Tears Japanese psa 9;1;Hanada City Gym Decl;
Kogas Ninja Trick psa 5;1;Japanese Gym 2;
Kyogre ex CGC 7.5;1;Nintendo Power Magazine;BlackStar Promo
Groundon ex CGC 7.5;1;Nintendo Power Magazine;BlackStar Promo
Charmander CGC 8.5;1;Build a Bear ;Promo
Shadowless Charizard Beckett 6;1;Base Set;4
Haunter Holo Unlimited Beckett 9.5;1;Fossil;6
Tyranitar Holo Beckett 9;1;Expedition;29
Reshiram Gold Card Beckett 9.5;1;Legendary Treasures;114
Kyogre shiny Beckett 9;1;Call of Legends;SL6
Dark Espeon Holo Beckett 9;1;Neo Destiny;4
Mew Gold Star Beckett 8.5;1;Dragon Frontiers;101
Moltres Zapdos and Articuno Beckett 9.5;1;Promo;SM210
Charizard Promo Beckett 9.5;1;Promo;SWSH050
Charizard Vmax Rainbow Beckett 9.5;1;Champions Path;74
Mega Charizard EX Beckett 9.5;1;Evolutions;101
Charizard G Level X Beckett 9;1;Supreme Victors;143
Crawdaunt ex Beckett 9;1;Holon Phantomd;99
Zekrom & Pikachu Japanese  GX;2;sm12a;41
Dedenne GX Japanese;2;sm12a;48
Dusknoir & tree Japanese GX;1;sm12a;53
Volcarona GX;3;Cosmic Eclipse;35
Oricorio GX;1;Cosmic Eclipse;95
Ultra Beast GX Japanese;2;sm12a;28
Articuno Zapdos Moltres Japanese GX;2;sm12a;102
Mewtwo & Mew Japanese GX;1;sm12a;52
Garchomp & Giratini Japanese GX;2;sm12a;99
Malwile GX Japanese;1;sm12a;89
Clefary,igglybuff, togepi Japanese GX;1;sm12a;94
Zorarok & greninja Japanese GX;2;sm12a;72
wishiwashi GX Japanese;1;sm12a;39
Incinaroar GX Japanese;2;sm12a;82
Honchkrow GX;1;Unbroken Bonds;109
Gumshoos GX;1;Sun and Moon;110
Rowlet & Exeggutar Japanese GX;1;sm10b;1
Keldeo GX Japanese;1;sm10b;19
Greninja & Zoroark GX;1;Unbroken Bonds;201
Reshiram & Charizard GX;1;Unbroken Bonds;20
Celesteela GX;1;Unbroken Bonds;163
Garchomp & Giratini GX;2;Unified Minds;146
Celebi &Venasaur GX;1;Team Up;1
Dedenne GX ;1;Unbroken Bonds;57
Reshiram & Charizard GX Japanese;2;sm10;7
Raichu GX;5;SM Promo;213
Aerodactyl GX;1;Cosmic Eclipse;106
Charizard GX;8;SM Promo;211
Naganadel GX;1;Cosmic Eclipse;160
Raichu & Alolan Raichu GX;3;Unified Minds;54
Rayquazza GX Japanese;1;Sm8b;98
Neganadel GX Japanese;3;Sm8b;52
Wally and Silvally GX Japanese;1;SM11b;41
Solgaleo and lunala GX Japanese;2;Sm11b;20
Vileplume GX Japanese;2;Sm11b;3
Zekrom and Reshiram GX Japanese;1;sm11b;36
Onix GX;5;Hidden Fates;36
Silvally Gx Japanese;2;sm8b;111
Gyarados GX ;4;Promo;SM12
Bewar GX;1;Promo;SM34
Gyarados GX ;3;Hidden Fates;16
Necrazma GX Japanese;1;Sm12a;101
WishiWashi GX ;2;Cosmic Eclipse;63
Noivern GX;3;Burning Shadows;99
Mewtwo GX;3;Hidden Fates;31
Decidueye GX;1;Sun and Moon;12
Reshiram & Zekrom GX;1;Cosmic Eclipse;15
Lunala GX;1;SM Base Set;66
Charizard GX;1;Burning Shadows;20
Blastoise & Piplup GX;2;Cosmic Eclipse;38
Tapu Koko GX;1;Guardians Rising;47
Charizard GX;1;Hidden Fates;9
Golisopod GX;1;Burning Shadows;17
Tapu Fini GX;3;Burning Shadows ;39
Slyveon GX;1;Promo;92a
Solgaleo and lunala GX ;1;Cosmic Eclipse;75
Gardevoir GX;2;Burning Shadows;93
Salazzle GX;3;Burning Shadows;25
Venusaur & Snivy GX;1;Cosmic Eclipse;1
Starmie GX;1;Hidden Fates;14
Slowpoke & Psyduck GX;1;Unified Minds;35
Umbreon & Darkrai GX;2;Unified Minds;125
Silvally GX Japanese;1;Ultra Prism;116
Darkrai GX;1;Burning Shadows;88
Weavile GX;1;Unified Minds;132
Mega Sableye & Tyranitar GX;2;Unified Minds;126
Venusaur and Celebi GX Japanese;1;Sm9;1
Vikavolt GX;1;Guardians Rising;45
Latios GX;1;Unified Minds;78
Jirachi GX;3;Unified Minds;79
Umbreon GX;1;Sun and Moon;80
Rowlet & Alolan exeggutar GX;2;Unified Minds;1
Eevee & Snorlax GX;1;Tag Team;120
Latios & Latias GX;1;Tag Team;113
Greninja GX Japanese;2;Sm8b;33
Arceus Dialga & Palkia GX;1;Cosmic Eclipse;156
Leafeon GX;1;Promo;SM14
Salamence GX;1;Dragon Majesty ;44
Eevee & Snorlax GX Japanese;1;Sm9;66
Pinsir GX;2;Hidden Fates;6
Latios & Latias GX Japanese;1;sm9;60
Mega Lopunny & Jugglypuff GX;1;Cosmic Eclipse;165
Magikarp & Wailord GX Japanese;1;sm9;19
Necrazma GX Japanese;3;sm8b;104
Golisopod GX Japanese;3;sm8b;8
Wishiwashi GX Japanese;1;sm2L;14
Electrode GX;1;Celestial Storm;48
Necrozma GX;1;Burning Shadows;63
Marshadow GX;1;Burning Shadows;80
Metagross GX Japanese;1;SM1L;35
Glaceon GX Japanese;2;sm8b;27
Tapu lele GX Japanese;3;sm8b;44
Lycanrock GX Japanese;3;sm8b;61
Dialga GX;1;Forbidden Light;82
Ultra Beast GX Japanese;1;sm8b;39
solgaleo GX Japanese;1;sm8b;49
Ho-Oh GX;1;Burning Shadows;21
Zorarok GX Japanese;1;sm8b;70
Silvally ultra Beast GX Japanese;1;sm8b;86
Dragonite GX Full Art;1;Unified Minds;229
Aerodactyl GX Full Art;1;Unified Minds;224
Weavile Japanese GX Full Art;1;;183
Alolan Muk GX Full Art;2;Burning Shadows;138
Raichu GX Full Art;1;SM Promo;90
Dedenne GX Full Art;2;SM Promo;195a
Ho-Oh GX Full Art;1;Burning Shadows;131
Mewtwo GX Full Art;1;Shining Legends;72
Meltan GX Full Art;1;;184
Moltres Zapdos Articuno GX Full Art;1;Hidden Fates;66
Latios GX Full Art;1;Unified Minds;223
Raichu & Alolan Riachu GX Full Art;1;Unified Minds;220
Solgaleo & Lunala GX Full Art;1;Cosmic Eclipse;216
Machamp GX Full Art;1;Burning Shadows;135
Latios and Latias Japanese GX Full Art;1;;104
Golisopod GX Full Art;1;Burning Shadows;129
Tauros GX Full Art;1;Sun and Moon ;144
Viaplume GX Full Art;1;;62
Alolan Exeggutor GX Full Art;1;;56
Reshiram & Charizard GX Full Art;2;Unbroken Bonds;194
Tapu Fini GX Full Art;1;Burning Shadows;133
Latios GX Full Art;1;Unified Minds;223
Pheromos & Buzzwole GX Full Art;1;Unbroken Bonds;192
Gumshoos GX Full Art;1;Sun and moon ;145
Greninja Shiny GX Full Art;2;Hidden Fates;SV56
Rayquaza Shiny  GX Full Art;1;Promo;177a
Stakataka Shiny GX Full Art;1;Hidden Fates;SV74
Turtonator Shiny GX Full Art;1;Hidden Fates;SV52
Banette Shiny Japanese GX Full Art;1;sm8b;221
Golisopod Shiny GX Full Art;1;Hidden Fates;SV48
Articuno Shiny GX Full Art;1;Hidden Fates;SV54
Electrode Shiny GX Full Art;1;Hidden Fates;SV57
Ninetales Shiny Japanese GX Full Art;1;sm8b;213
Sylveon Shiny Japanese GX Full Art;1;sm8b;238
Kartana Shiny GX Full Art;1;Hidden Fates;SV73
Gardevoir Shiny GX Full Art;1;Hidden Fates;Sv75
Raichu GX;1;Hidden Fates;20
Stakataka GX;1;Cosmic Eclipse;102
Lefeaon V Full Art Secret Rare Japanese;1;s6a;70
Glaceon V Full Art Secret Rare Japanese;1;s6a;76
Vaporeon V Full Art Secret Rare Alternate Art Japanese;1;s6a;75
Charmander (Signed Leonhart / King Pokemon;1;Expedition;97
Charizard Holo;1;Evolutions;11
Ninetales ex;1;Hidden Legends;96
Magmar ex;1;Ruby & Sapphire;100
Latias ex;1;Dragon;93
Armaldo ex;1;Legend Maker;84
Dustox ex;1;Legend Maker;86
Kyogre ex;1;Promo;37
Charmander Shadowless;1;Base Set;46
Squirtle Shadowless;1;Base Set;63
Bulbasaur Shadowless;1;Base Set;44
Dark Blastoise Holo Japanese;1;Team Rocket;9
Combusken Winner Card;1;Promo;9
Chancy White diamond logo Japanese;1;Gym Set;113
Jumpluff Pokemon League Logo;1;-;14
Opal Full Art Trainer;1;Vivid Voltage;184
Pokemon Fan Club Full Art Trainer;1;Ultra Prism;155
Leon Full Art Trainer;1;Vivid Voltage;182
Beauty Full Art Trainer;1;Vivid Voltage;181
Hop Full Art Trainer;4;Champions Path;73
Reshiram Full Art;1;Black and White;113
Zekrom Full Art;1;Black and White;114
Thundurus Full Art;1;Emerging Powers;97
Tornadus Full Art;3;Emerging Powers;98
Darkrai Full Art;2;Promo;114
Shaymin Full Art;1;Promo;115
Jirachi Full Art;1;Promo;112
Jirachi Full Art;1;Promo;67a
Pikachu Full Art;1;Radiant Collection;RC29
Reshiram Full Art;1;Radiant Collection;RC22
Giovannis Exile Full Art Trainer;2;Hidden Fates;67
Giovannis Scheme Full Art Trainer;1;Breakthrough;162
Misty's Determination Full Art Trainer;1;Evolutions;108
Delinquent Full Art Trainer;1;Promo;98b
Professor Elm's Lecture Full Art Trainer;1;Lost Thunder;213
Roller Skater Full Art Trainer;1;Cosmic Eclipse;235
Archies Ace In The Hole Full Art Trainer;1;Primal Clash;157
Xerosic Full Art Trainer;1;Phantom Forces;119
Steven Full Art Trainer;1;Ancient Origins;95
Teammates Full Art Trainer;1;Primal Clash;160
Pokemon Breeder Full Art Trainer;1;Shining Legends;73
Jessie and James Full Art Trainer;1;Hidden Fates;68
Guzma Full Art Trainer;1;Hidden Fates;SV84
Fisherman Full Art Trainer;1;Hidden Fates;SV83
Morgan Full Art Trainer;1;Team Up;178
Ingo and Emmet Full Art Trainer;1;Shiny GX;155
Lillies Full Force Full Art Trainer;1;Am11b;68
Piers Full Art Trainer;2;Darkness Ablaze;187
Cara Liss Full Art Trainer;1;Shining Fates;67
Poke Kid Full Art Trainer;3;Shining Fates;70
Bird Keeper Full Art Trainer;1;Shining Fates;66
Marnie Full Art Trainer;1;Shiny Star V;198
Korrina's Focus Full Art Trainer;1;Battle Styles;160
Cynthia Full Art Trainer;1;Hidden Fates;SV82
Gym Trainer Full Art Trainer;1;Shining Fates;68
Cynthia & caitlin Full Art Trainer;1;Cosmic eclipse;228
Peonia Full Art Trainer;2;Chilling Reign;196
Rose Full Art Trainer;1;Shining Fates;71
Peony Full Art Trainer;1;Chilling Reign;197
Venusaur Holo (Near Mint / Mint);1;Base Set;15
Blaziken V Full Art;1;Chilling Reign;161
Professors Research Pokemon Go Card;1;Promo;SWSH178
JigglyPuff Build a Bear Card;1;Build a bear;Promo
Vulpix Buld a Bear Card;1;Build a bear;Promo
Phanpy Misprint;3;Call of Legends;66
Phanpy Reverse Misprint;1;Call of Legends;66
Lugia;1;Neo Genisis;9
Zapdos;1;Aquapolis;H22
Dark Charizard;1;Team Rocket;4
Machamp 1st Ed;2;Base Set;8
Gyarados Shadowless;1;Base Set;6
Dark Dragonite;1;Team Rocket Returns;15
Pikachu;8;Promo;3
Umbreon;1;Call of legends;22
Lapras;1;Promo;14
Roserade;1;Diamond and Pearl;13
Darkrai;1;Great Encounters;4
Exeggutor;1;Fire Red Leaf Green;5
Magneton;1;Fire Red Leaf Green;27
Manetric;1;Crystal Gaurdians ;8
Tauros;2;Pop Series 2;5
Vaporeon ;1;Jungle;12
Hitmontop;1;Neo Discovery;3
Dodrio;1;Fire Red Leaf Green;21
Typhlosion;1;Unseen forces;17
Nidoking;1;Base Set;11
Slaking ;1;Platinum;16
Giritina;2;Platinum;10
Mismagius;1;Diamond and Pearl;10
Dusknoir;2;Stormfront;1
Roserade;1;Rising Rivals;12
Venasaur;2;Supreme Victors;13
Giratina;2;Platinum;9
Infernape;1;Diamond and Pearl;5
Palkia G;2;Platinum;12
Pikachu;1;Promo;SM76
Froslass;1;Rising Rivals;6
Team Magmas Claydol;1;Team Aqua vs Team Magma;8
Team Aquas Cacturne;1;Team Aqua vs Team Magma;1
Beedrill;1;Fire Red Leaf Green;1
Rhyperior;1;Diamond and Pearl;12
Porygon-Z;2;Great Encounters;6
Tyranitar;1;Unleashed;26
Torterra;1;Diamond and Pearl;17
Blaziken;2;Great Encounters;1
Uxie ;2;Legends Awaken;43
Weavile;1;Platinum;17
Dialga G;1;Platinum;7
Darkrai G;1;Rising Rivals;3
Rotom;2;Great Encounters;7
Tangrowth;1;Great Encounters;10
Metagross;2;Pop Series 1;2
Mewtwo;1;Majestic Dawn;9
Gabite;1;Supreme Victors;59
Lickilicky;1;Secret Wonders;12
Tangrowth;1;Platinum Arceus;10
Ampharos;1;Platinum;1
Roserade;1;Diamond and Pearl;13
Blaziken;2;Platinum;3
Mothim;1;Platinum Arceus;6
Cresselia;2;Promo;DP51
Happiny ;4;Pop Series 8;14
Sceptile;2;Great Encounters;8
Lopunny;4;Pop Series 9;9
Gardevoir;1;Secret Wonders;7
Togekiss;1;Great Encounters;11
Swampert;1;Great Encounters;9
Cresselia;1;Great Encounters;2
Shaymin;1;Unleashed;8
Darkrai;1;Great Encounters;3
Krookodile;1;Dark explorers;66
Leafeon;1;Call of legends;13
Togekiss;1;Undaunted;9
Venusaur;1;Promo;13
Turtwig;1;Promo;DP01
Beheeyem;1;Next Destinies;62
Banette;1;Power keepers;4
Venusaur;2;Base Set;15
Chansey;1;Base Set;3
Kaputops 1st Ed;1;Fossil;9
Lapras 1st Ed;1;Fossil;10
Venomoth;1;Jungle;13
Jirachi;1;Rising Rivals;7
Flygon;1;Rising Rivals;5
Gardevoir;1;Platinum;8
Chimchar;1;Promo;DP02
Swalot;2;Platinum Arceus;9
Houndoom;2;Call of legends;10
Entei;1;Promo;34
Latios;2;Holon Phantoms;12
Vileplume;1;Holon Phantoms;17
Omastar;1;Holon Phantoms;13
Pidgeot;1;Holon Phantoms;14
Kingdra;2;Holon Phantoms;10
Deoxys;1;Holon Phantoms;5
Armaldo;1;Holon Phantoms;1
Mew;1;Secret Wonders;15
Dark Dragonite;1;Team Rocket;5
Sudowoodo;1;Unleashed;9
Ampharos;1;Dragon Frontiers;1
Charizard ;2;Crystal Gaurdians ;4
Deusknoir;1;Diamond and Pearl;2
Gyarados ;2;Call of legends;7
Hitmontop;2;Call of legends;8
Empoleon;1;Diamond and Pearl;4
Magmortar;1;Promo;DP20
Salamence;1;Secret Wonders;18
Zapdos;1;Majestic Dawn;14
Blaziken FB;3;Supreme Victors;2
Kyogre;1;Call of legends;12
Dialga;1;Call of legends;3
Metagross;1;Legends Awaken;10
Rampardos;1;Diamond and Pearl;13
Drapion;3;Triumphant;4
Plusle;1;Promo;6
Mightyena;1;Power keepers;18
Torterra;1;Stormfront;11
Salamence;1;Platinum Arceus;8
Staraptor;1;Diamond and Pearl;16
Electivire FB;1;Supreme Victors;4
Espeon;1;Undaunted;2
Metagross;1;Supreme Victors;7
Swampert;1;Supreme Victors;12
Rhyperior;1;Supreme Victors;10
Garchomp;1;Supreme Victors;5
Rayquazza C;1;Supreme Victors;8
Flygon;1;Pop Series 6;3
Dialga;1;Majestic Dawn;4
Heatran;1;Legends Awaken;30
Cradily;1;Sandstorm;3
Manaphy;1;Pop Series 6;3
Vaporeon ;1;Pop Series 3;6
Jirachi;1;Call of legends;11
Jolteon;1;Pop Series 3;3
Gengar Level X;3;Arceus;97
Electivire FB Level X;2;Supreme Victors;144
Torterra Level X;2;Diamond and Pearl;122
Azelf Level X;1;Legends Awakended;140
Mewtwo Level X;1;Promo;28
Giratina Level X;2;Promor;38
Garchomp C Level X;1;Supreme Victors;145
Arceus Level X;1;Arceus;94
Salamence Level X;1;Arceus;98
Infernape Level X;2;Promo;10
Infernape Level X;1;Diamond and Pearl;121
Blaziken FB Level X;1;Supreme Victors;142
Magmortar Level X;1;Mysterious Treasures;123
Palkia Level X;2;Great Encounters;106
Shaymin Level X;1;Platinum;126
Machamp Level X;1;Stormfront;98
Drapion Level X;2;Platinum;123
Ryhperior Level X;1;Promo;29
Alakazam Level X;1;Rising Rivals;103
Honchkrow Level X;2;Secret Wonders ;132
Rhyperior Level X;1;Legends Awakended;145
Dialga Level X;2;Promor;17
Lucario Level X;1;Mysterious Treasures;122
Palkia Level X;1;Promo;18
Empoleon Level X;1;Promo;11
Arceus Level X;1;Promo;53
Darkrai Level X;1;Great Encounters;104
Dusknoir Level X;1;Stormfront;96
M Venasaur Full Art EX;1;Evolutions;100
Valcanion Full Art EX;1;Steam Siege;115
Gardevoir Full Art EX;1;Steam Siege;116
Volcanion Full Art EX;1;Steam Siege;107
Sylveon Full Art EX;1;Radient Collection;RC32
Shaymin Full Art EX;1;Radient Collection;RC21
M Pidgeot Full Art EX;1;Evolutions;105
Mew Full Art EX;1;Radient Collection;RC24
Blastoise Full Art EX;1;Promo;XY122
Charizard Full Art EX;1;Promo;XY121
Zygarde Full Art EX;2;Promo;54a
Landorus Full Art EX;2;Boundaries Crossed;144
Alakazam Full Art EX;2;Fates Collide;117
Volcanion Full Art EX;1;Steam Siege;115
Mewtwo Full Art EX;1;Breakthrough;163
Mewtwo Full Art EX;1;Breakthrough;164
Houndoom Full Art EX;1;Breakthrough;153
Hoopa Full Art EX;1;Ancient Origins;89
Giratina Full Art EX Japanese;1;XY7;91
M Glalie Full Art EX;1;Breakthrough;156
M Rayquazza Full Art EX;1;Roaring Skies;105
Dialga Full Art EX;1;Phantom Forces;122
M Rayquazza Full Art EX;1;Ancient Origins;98
Magerna Full Art EX;1;Steam Siege;110
M Manetric Full Art EX;1;Promo;24a
Mew Full Art EX;1;Promo;XY126
Kyogre Full Art EX;1;Primal Clash;148
M Latios Full Art EX;1;Roaring Skies;102
Magnezone Full Art EX;1;Flashfire;101
Glaceon Full Art EX;1;Fates Collide;116
Registeel Full Art EX;1;Dragons Exalted;122
Raikou Full Art EX;1;Dark Explorers;105
Heatran Full Art EX;1;Plasma Freeze;109
Machamp EX;1;Ancient Origins;37
Kyurem EX;2;Ancient Origins;25
M Veansaur EX;1;Evolutions;2
Charizard EX;3;Evolutions;12
Magerna EX;2;Steam Siege;75
M Pidgeot EX;1;Evolutions;65
M Gardevoir EX;1;Steam Siege;79
M Absol EX;2;XY Promo;63
Absol EX;2;XY Promo;62
Camerupt EX;2;Primal Clash;29
Kyurem EX;2;Next Destinies;38
Dragonite EX;1;Evolutions;72
Dragonite EX;1;Furious Fists;74
Zekrom EX ;1;Promo;Promo
Manetric EX;1;Phantom Forces;23
Zapdos EX;1;Plasma Storm;48
Mewtwo EX;1;Promo;Promo
Gengar EX;1;Phantom Forces;34
Black Kyurem EX;1;Promo;BW62
Rayquazza EX;1;Promo;BW47
Gardevoir EX;1;Primal Clash;105
Malamar EX;1;Phantom Forces;58
Venasur EX;2;Evolutions;1
Leafeon EX;1;Generation;10
Tornadus EX;1;Dark Explorers;90
Lugia EX;1;Ancient Origins;68
Latios EX;1;Roaring Skies;58
Glalie EX;1;Breakthrough;34
Groudon;1;Primal Clash;85
Raikou EX;1;Dark Explorers;38
Primal Groudon EX;2;Primal Clash;86
M Gardevoir EX;1;Radient Collection;RC31
M Steelix EX;1;Steam Siege;68
M Mewtwo EX;1;Breakthrough;64
M Rayquazza EX;1;Roaring Skies;76
M Audino EX;1;Fates Collide;85
M Manetric EX;1;Phantom Forces;24
M Ampharos EX;1;Ancient Origins;28
M Altaria EX;1;Fates Collide;69
M Aggron EX;1;Primal Clash;94
M Latios EX;1;Roaring Skies;59
M Charizard EX;2;Evolutions;13
M Sceptile EX;2;Ancient Origins;8
Giratina EX;2;Dragons Exhalted;92
Landorus EX;2;Boundaries Crossed;144
Darkrai EX;1;Legendary Treasures;88
Darkrai EX;1;Promo;BW46
Meloetta EX;2;Radient Collection;RC11
Meloetta EX;1;Radient Collection;RC25
M Mawile EX;1;Promo;XY104
Steelix EX;2;Steam Siege;67
Venasur EX;1;Promo;XY28
White Kyurem;1;Legendary Treasures;101
Zygarde EX;1;Promo;XY 151
Togekiss;1;Breakpoint;83
Magearna EX;1;Steam Siege;110
Darkrai EX;1;Breakpoint;74
Ho-Oh EX;1;Breakpoint;92
M Galalie EX;1;Breakthrough;156
Florges EX;1;Phantom Forces;67
M Alakazam EX;1;Fates Collide;26
Rayquazza EX;1;Roaring Skies;60
Gallade EX;1;Roaring Skies;34
Rayquazza EX;1;Roaring Skies;75
Toxicroak EX;1;Flashfire;41
M Blastoise EX;1;Evolutions;22
Slowbro EX;1;Evolutions;26
Machamp Break;3;;
Greninja Break;1;;
Marowak Break;1;;
Yanmega Break;1;;
Noivern Break;1;;
Zoroark Break;2;;
Talonflame Break;1;;
Florges Break;1;;
Luxray Break;1;;
Charmander Shiny;1;Hidden Fates;SV6
Clawirzer Break;1;;
Xerneas Break;1;;
Ninetails Break;1;;
Chesnaught Break;1;;
Here comes Team Rocket Secret Rare;1;Evolutions;113
Surfing Pikachu Secret Rare;1;Evolutions;111
Exeggutor Secret Rare;3;Evolutions;109
Charizad Cracked Ice;1;Vivid Voltage;25
Charizard reverse;2;Vivid Voltage;25
Charizard;4;Vivid Voltage;25
Charizard Vivid Voltage Promo;1;SWSH Promo;66
Rayquazza Amazing Rare;2;Vivid Voltage;138
Celebi Amazing Rare;2;Vivid Voltage;9
Zamazenta Amazing Rare;2;Vivid Voltage;102
Jirachi Amazing Rare;3;Vivid Voltage;119
Kyogre Amazing Rare;4;Shining Fates;21
Yveltal Amazing Rare;2;Shining Fates;46
Zacian Amazing Rare;1;Vivid Voltage;82
Raikou Amazing Rare;2;Vivid Voltage;50
Reshiram Amazing Rare;2;Shining Fates;17
Reshiram Amazing Rare Japanese;1;s4a;21
Celebi Amazing Rare Japanese;1;s3a;9
Lugia Vivid Voltage Promo;1;SWSH Promo;69
Japanese Full art Shiny v;1;s4a;316
Donphan Vivid Voltage Promo;1;SWSH Promo;67
Umbreon Prime;2;Undaunted;86
Steelix Prime;1;Unleashed;87
Crobat prime;1;Unleashed;84
Tyranitar Prime;1;Unleased ;88
Blissey Prime;1;Heart Gold Soul Silver;106
Meganium Prime;1;Heart Gold Soul Silver;109
Feraligatr Prime;1;Heart Gold Soul Silver;108
Feraligatr Prime;1;Promo;7
Raikou Shiny;1;Promo;19
Groudon Shiny;2;Call of Legends;4
Rayquazza Shiny;1;Call of Legends;10
Palkia Shiny;1;Call of Legends;8
Suicune Shiny;1;Promo;21
Arceus AR1;1;Arceus;AR1
Arceus AR2;1;Arceus;AR2
Arceus AR3;1;Arceus;AR3
Arceus AR4;3;Arceus;AR4
Arceus AR5;1;Arceus;AR5
Arceus AR6;2;Arceus;AR6
Arceus AR7;1;Arceus;AR7
Arceus AR8;1;Arceus;AR8
Arceus AR9;1;Arceus;AR9
Arceus;1;Promo;50
Kyogre Ground Legend Top;1;Undaunted ;87
Kyogre Ground Legend Bottom;1;Undaunted ;88
Raikou Entei Legend Top;1;Unleashed;90
Raikou Entei Legend Bottom;1;Unleashed;91
Lugia Legend Top;1;Heart Gold Soul Silver;113
Lugia Legend Bottom;1;Heart Gold Soul Silver;114
Rayquaza Deoxys Legend Top;2;Undaunted ;89
Rayquaza Deoxys Legend Bottom;1;Undaunted ;90
Ho-oh Legend Top;1;Heart Gold Soul Silver;111
Ho-oh Legend Bottom;1;Heart Gold Soul Silver;112
Palkia Dialga Legend Top;1;Triumphant;101
Palkia Dialga Legend Bottom;1;Triumphant;102
Raikou Suicune Legend Top;1;Unleashed;92
Raikou Suicune Legend Bottom;1;Unleashed;93
Suicune Entei Legend Top;1;Unleashed;94
Suicune Entei Legend Bottom;1;Unleashed;95
Darkrai Cresselia Legend Top;1;Triumphant;99
Darkrai Cresselia Legend Bottom;1;Triumphant;100
Zamazenta Amazing Rare Japanese;1;s3a;44
Groudon Gold Star;1;Delta Species;111
Entei Gold Star;1;Unseen Forces;113
Shining Charizard;1;Neo Destiny;107
Shining Magikarp;1;Neo Revelation;66
Shining Gyarados;1;Neo Revelation;65
Shining Celebi;1;Neo Destiny;106
Articuno Secret Rare;2;Supreme Victors;148
Birthday Pikachu;1;Promo;24
Flying Pikachu;1;Promo;25
Surfing Pikachu;1;Promo;28
Ancient Mew;3;Promo;N/A
Jamming Net ;2;Phantom Forces;98
Head Ringer;1;Phantom Forces;97
Yanma Shiny;1;Supreme Victors;Sh9
Milotic Shiny;1;Supreme Victors;Sh7
Bagon Shiny;1;Arceus;sh10
Kyurem Holo Secret Rare;1;Dragon Vault;21
Shining Mew;1;Shining Legends;40
Shining Jirachi;1;Shining Legends;42
Scoop Up Cyclone;1;Plasma Blast;95
Time Space Distortion;1;Mysterious Treasures;124
Leaf Energy Secret Rare;1;SM17a;202
Psychic Energy Secret Rare;1;SM17a;206
Scyther Secret Rare;1;Platinum;130
Frost Rotom;1;Rising Rivals;RT2
Dartrix Shiny Japanese;2;sm8b;163
Rockruff Shiny;1;Hidden Fates;SV23
Magneton Shiny;2;Hidden Fates;SV28
Rockruff Shiny Japanese;1;sm8b;183
Wimpod Shiny;1;Hidden Fates;Sv4
Gible Shiny;1;Hidden Fates;SV38
Gible Shiny Japanese;1;sM8b;198
Pheromosa Shiny ;1;Hidden Fates;SV5
Guzzlord Shiny;1;Hidden Fates;SV 26
Buzzwole Shiny;1;Hidden Fates;SV 24 
Seviper Shiny;1;Hidden Fates;SV15
Ralts Shiny;1;Hidden Fates;SV34
Frogadier Shiny;1;Hidden Fates;SV12
Beldum Shiny Japanese;1;sm8b;190
Noibat Shiny;1;Hidden Fates;SV43
Altaria Shiny;1;Hidden Fates;SV37
Poipole Shiny;1;Hidden Fates;SV19
Riolu Shiny;1;Hidden Fates;SV21
Kartana Shiny;1;Hidden Fates;SV33
Rowlet Shiny;2;Hidden Fates;SV2
Garchomp Shiny;1;Hidden Fates;SV40
Eevee Shiny;1;Hidden Fates;SV41
Zorua Shiny;1;Hidden Fates;SV25
Scyther Shiny;1;Hidden Fates;SV1
Rowlet Shiny Japanese;1;Shiny Star V;200
Galarian Zigzagoon Japanese;1;Shiny Star V;277
Stonjourner Shiny Japanese;1;Shiny Star V;274
Coalossal Shiny;2;Shining Fates;SV069
Galarian Farfetch'd Shiny;1;Shining Fates;SV063
Galarian Zigzagoon Shiny;2;Shining Fates;SV078
Rotom Shiny;1;Shining Fates;SV038
Impidimp Shiny;1;Shining Fates;SV083
Toxel Shiny;1;Shining Fates;SV041
Scorbunny Shiny;2;Shining Fates;SV015
Rolycoly Shiny;1;Shining Fates;SV067
Dragapult Shiny;1;Shining Fates;SV062
Dedenne Shiny;1;Shining Fates;SV051
Arctovish Shiny;1;Shining Fates;SV037
Arctozolt Shiny;1;Shining Fates;SV046
Stonjourner Shiny ;1;Shining Fates;SV075
Grookey Shiny ;3;Shining Fates;SV004
Minccino Shiny;1;Shining Fates;SV093
Galarian Perrserker Shiny;2;Shining Fates;SV087
Duraludon Shiny;1;Shining Fates;SV092
Decidueye Shiny;1;Shining Fates;SV003
Centiskortch Shiny;1;Shining Fates;SV019
Falinks Shiny;1;Shining Fates;SV074
Inteleon Shiny;1;Shining Fates;SV027
Galarian Corsola Shiny;1;Shining Fates;SV049
Drakloak Shiny;1;Shining Fates;SV061
Indeedee Shiny;1;Shining Fates;SV059
Morgrem Shiny;1;Shining Fates;SV084
Koffing Shiny ;1;Shining Fates;SV076
Wooloo Shiny ;1;Shining Fates;SV103
Sobble Shiny;2;Shining Fates;SV025
Eldegoss Shiny;1;Shining Fates;SV011
Swanna Shiny;1;Shining Fates;SV096
Galarian Cursola Shiny;1;Shining Fates;SV050
Ash's Pikachu;1;Promo;SM108
Ash's Pikachu;1;Promo;SM109
Ash's Pikachu;1;Promo;SM110
Ash's Pikachu;1;Promo;SM111
Ash's Pikachu;1;Promo;SM112
Ash's Pikachu;1;Promo;SM113
Ash's Pikachu;1;Promo;SM114
Steelix Character Card;2;Cosmic Eclipse;247
Koffing Character Card;1;Cosmic Eclipse;243
Torkoal Character Card;2;Cosmic Eclipse;237
Mimikyu Character Card;1;245;
Wishiwashi Character Card Japanese;1;Cosmic Eclipse;53
Wishiwashi Character Card ;1;Cosmic Eclipse;240
Piplup Character Card;1;Cosmic Eclipse;239
Stoutland Character Card Japanese;2;Cosmic Eclipse;61
Excadrill Character Card Japanese;1;Cosmic Eclipse;59
Pikachu Character Card Japanese;2;Cosmic Eclipse;54
Weavile Character Card;1;Cosmic Eclipse;238
Magnemite Shiny;1;Hidden Fates;SV27
Kirilia Shiny;1;Hidden Fates;Sv35
Snom Shiny;1;Shining Fates;Sv33
Snom Shiny Japanese;1;Shiny Star V;232
Alcremie Vmax ;7;Champions Path;23
Alcremie Vmax Japanese;2;S3a;32
Pikachu Vmax ;3;Vivid Voltage;44
Stonjourner Vmax ;4;SWSH Base Set;116
Gardevoir Vmax ;3;Champions Path;17
Meowth Vmax ;1;SWSH PROMO;5
Ditto Vmax Japanese;1;s4a;141
Rilaboom Vmax Japanese;1;S4a;10
Snorlax Vmax ;1;SWSH Base Set;142
Grimmsnarl Vmax;2;Darkness Ablaze;115
Coalossal Vmax Japanese;2;S3a;43
Salamence Vmax ;1;Darkness Ablaze;144
Centiskorch Vmax ;3;Darkness Ablaze;34
Scizor Vmax ;1;Darkness Ablaze;119
Charizard Vmax;1;Darkness Ablaze;20
Eternatus Vmax ;1;Darkness Ablaze;117
Butterfree Vmax ;2;Darkness Ablaze;2
Lapras Vmax ;1;SWSH Base Set;50
Drednaw Vmax ;2;Champions Path;15
Aegislash Vmax ;2;Vivid Voltage;127
Cinderace Vmax ;3;Shining Fates;19
Dhelmise  Vmax ;1;Shining Fates;10
Cramorant Vmax ;3;Shining Fates;55
Eevee Vmax ;4;Promo;SWSH087
Victini Vmax ;2;Battle Styles;22
Rapid Strike Urshifu Vmax ;3;Battle Styles;88
Flapple Vmax ;2;Battle Styles;19
Tapu Koko Vmax ;1;Battle Styles;51
Single Strike Urshifu Vmax ;2;Battle Styles;86
Corviknight Vmax ;1;Battle Styles;110
Ice Rider Calyrex Vmax ;1;Chilling Reign;46
Metagross Vmax ;3;Chilling Reign;113
Crobat Vmax;1;Shining Fates;45
Sandaconda Vmax ;2;Chilling Reign;90
Blaziken Vmax ;2;Chilling Reign;21
Galarian Slowking Vmax ;2;Chilling Reign;100
Sylvian Vmax Japanese;4;s6a;41
Umbreon Vmax Japanese;2;s6a;48
Leafeon Vmax Japanese;1;s6a;3
Glaceon Vmax Japanese;2;s6a;25
Centiskorch Vmax Shiny;3;Shining Fates;SV109
Lapras Vmax Shiny;1;Shining Fates;SV111
Charizard Vmax Shiny;1;Shining Fates;SV107
Crobat Vmax Shiny;1;Promo;SWSH099
Dragapult Vmax Shiny;3;Promo;SWSH097
Grimmsnarl Vmax Shiny;3;Shining Fates;SV117
Ditto Vmax Shiny;1;Shining Fates;SV119
Rugged Helmet Gold Card;2;Chilling Reign;228
Galarian Rapidash V;1;Chilling Reign;168
Tornadus Vmax;2;Chilling Reign;125
Shadow Rider Calyrex Vmax;1;Chilling Reign;75
Empoleon V;2;Promo;SWSH108
Tyranitar V;2;Promo;SWSH109
Galarian Articuno v;1;Chilling Reign;58
Galarian Slowking v ;2;Chilling Reign;99
Ice Rider Calyrex V;3;Chilling Reign;45
Liepard V;3;Chilling Reign;104
Blaines Charizard Japanese;1;Gym Set;6
Coalossal Vmax ;2;Chilling rReign;99
Galarian Darmanitan;1;Vivid Voltage;169
Houndoom;1;Battle Styles;179
Peony Rainbow Rare;1;Chilling Reign;220
Shadow Rider Calyrex V;1;Chilling Reign;171
Celebi V;2;Chilling Reign;160
Shadow Rider Calyrex Vmax;1;Chilling Reign;205
Galarian Yanmask Crimped Error Card;1;Chilling Reign;82
Celebi V;1;Chilling Reign;7
Celebi Vmax Rainbow Rare;1;Chilling Reign;199
Marnie Full Art;1;Promo;SWSH121
Marnie Signed Trainer;3;Promo;SWSH120
